ID,Area,Hypothesis,Status,EvidenceLevel,Retry,Source,HardwareEvidence,Confidence,ReopenAllowed,Notes
H01,Framebuffer,Mapping of 0x98000000 fails,DISPROVEN,3,11B-11D-B,xzs_d8m8_fb_init,M8-1 PASS and RGB latch on earlier boots,HIGH,no,11E abort does not overturn prior successful maps
H02,Framebuffer,Pattern or cache contents are wrong,DISPROVEN,3,11B,RETRY11B audit,first word already valid before kickoff,HIGH,no,
H03,RGB0,Source address never latches,DISPROVEN,3,4 and 11D-B,CURRENT_SRC0_ADDR,0 to 0x98000000 after CTL_START,HIGH,no,latch is not an AXI beat
H04,RGB0,Format stride or ROI programming is wrong,DISPROVEN,3,7,register plan,pre-kick readback matched,HIGH,no,
H05,LM0,Base stage or mixer select is wrong,DISPROVEN,2,5 and 7,mdss_mdp_ctl.c,CTL_LAYER_0=0x200,HIGH,no,
H06,LM0,LM_BLEND0 is required for the base stage,DISPROVEN,2,source audit,DEFERRED.md section on base stage,no blend registers written,HIGH,no,
H07,CTL,CTL_TOP is wrong,DISPROVEN,3,5,0x00902014,0x00020020 read back,HIGH,no,
H08,CTL,CTL_LAYER_0 is wrong,DISPROVEN,3,5,0x00902000,0x00000200 read back,HIGH,no,
H09,CTL,DISP_INTF_SEL is wrong,DISPROVEN,3,5,0x00901004,0x00000100 read back,HIGH,no,
H10,CTL,Command-mode flush mask is wrong,DISPROVEN,3,7 and 11D-B,0x00902018,0x00020048 consumed to 0,HIGH,no,
H11,PP,Tearcheck left disabled,DISPROVEN,3,8,PP_TEAR_CHECK_EN,value 1 at prekick,HIGH,no,
H12,PP,Timing counter is not running,DISPROVEN,4,10 and 11D-B,PP_INT_COUNT_VAL,wrap and ~16.56 ms period,HIGH,no,
H13,PP,START_POS 0x780 is never reached,DISPROVEN,4,11D-B,PP_INT_COUNT_VAL,direct sample 0x780,HIGH,no,
H14,PP,SYNC_WRCOUNT 0x785 is never reached,DISPROVEN,4,11D-B,PP_INT_COUNT_VAL,direct sample 0x785,HIGH,no,
H15,PP,Autorefresh is enabled and replaces CTL_START,DISPROVEN,3,11D-B,PP_AUTOREFRESH_CONFIG,word 0 bit31 0 before and after start,HIGH,no,
H16,DSI,Controller is disabled,DISPROVEN,4,M4,DSI_CTRL,0x000001f5,HIGH,no,
H17,DSI,Command mode is not selected,DISPROVEN,4,M4,panel type and DSI_CTRL,command-mode host sealed,HIGH,no,
H18,DSI,Stream geometry is wrong,DISPROVEN,3,11D-B prekick,STREAM0,0x0ca90039 and 0x07800438,HIGH,no,
H19,DSI,MDP software trigger write is required,DISPROVEN,2,11A source,mdss_dsi_cmd_mdp_start,no MMIO trigger in that function,HIGH,no,deferred doc section 7.2 is superseded
H20,PP,PP0 is the wrong ping-pong,DISPROVEN,2,frame-start audit,DT index 0,0x00971000,HIGH,no,
H21,PP,A normal one-shot PP register write is missing,DISPROVEN,2,frame-start audit,intf_cmd tearcheck,XNU image matches hw_vsync_mode false,HIGH,no,
H22,TE,Physical TE pulses are present on GPIO10,DISPROVEN,4,9 and 11E preamble,GPIO10 sample,0 transitions,HIGH,no,
H23,TE,Physical TE is mandatory for the timing counter,DISPROVEN,4,10 and 11D-B,bit 20 clear,counter still runs,HIGH,no,
H24,TE,Internal TE image is sufficient to release pixels,DISPROVEN,4,C1 and G4,PP0 tearcheck,PP_LINE stayed 0 under internal TE; external TE required by hardware,HIGH,no,
H25,Clock,VSYNC and MDP core are the same clock,DISPROVEN,2,resource audit,mmcc-msm8996.c,separate CBCR addresses,HIGH,no,
H26,Clock,DSI byte pixel or escape clock is off at kickoff,DISPROVEN,3,M3 and resource audit,CBCR,branches left enabled,HIGH,no,
H27,Clock,MDP core source and rate are a valid operating point,DISPROVEN,4,C1,CFG_RCGR 0x506,Canonical 171428571 Hz proven and locked,HIGH,no,
H28,Bus,Interconnect vote is absent in XNU,PROVEN,2,resource audit,perf_update_bus,no XNU call,HIGH,no,absence is proven; effect is not
H29,Bus,Missing vote is why PP_LINE stays 0,STILL_OPEN,0,resource audit,no silicon alias,UNOBSERVABLE,LOW,yes,do not invent a proxy
H30,VBIF,QoS program differs from Sony 1 2 2 2,DISPROVEN,4,C1 and C2,VBIF MMIO readback,QOS1=0x05555555 QOS2=0x0aaaaaaa QOS3=0x0fffffff matches Sony,HIGH,no,
H31,VBIF,XIN1 is halted before kickoff,DISPROVEN,4,C1 and C2,XIN_HALT readback,XIN_HALT0=0 XIN_HALT1=0x3ffd0000 AXI_HALT1=0 unhalted,HIGH,no,
H32,Fetch,AXI framebuffer fetch occurred,STILL_OPEN,0,resource audit,no beat counter,CURRENT_SRC latch only,LOW,yes,do not answer from the latch
H33,PP,PP issued a DSI request,STILL_OPEN,0,request audit,no request-issued bit,line and done stayed 0,LOW,yes,zeros are not proof of absence
H34,DSI,DSI rejected a frame,STILL_OPEN,0,11D-B,busy and done stayed 0,not a rejection bit,LOW,yes,
H35,DSI,DSI transport PHY or host is broken,DISPROVEN,4,M3 M4 M6,ACK_ERR 0,DCS completed,HIGH,no,static transport only
H36,Clock,LUT TBU throttle or MNOC clocks are required on this 8996 node,NOT_APPLICABLE,2,msm8996-mdss.dtsi,absent from clock-names,,HIGH,no,
H37,SMMU,IOMMU attach is required,NOT_APPLICABLE,2,SMMU bypass,DIRECT_PA_SAFE,prior boots,HIGH,no,
H38,11E,11E shows the core clock or VBIF is invalid,DISPROVEN,1,11E host.txt,no R11E_SAMPLE,abort before PASS,HIGH,no,do not use as negative evidence
H39,Panel,Keyaki on-command order matches XNU,STILL_OPEN,2,keyaki.dts:1771,TEON DISPON then post-on SLPOUT,XNU sends SLPOUT first,LOW,yes,downstream of the current gate
H40,11E,Reset cause inside ml_io_map_unmappable,INSUFFICIENT_EVIDENCE,1,git diff 5600ef8 e869829,map call unchanged,no byte after the map line,LOW,yes,
H41,TE,Physical TE edge reaches PP0 tearcheck in XNU,DISPROVEN,4,F1,134.5ms telemetry,0 backward jumps 0 RD_PTR free-running counter over 8 frames,HIGH,no,HW_PROVEN
H42,TE,TLMM or MMCC TE route component missing,DISPROVEN,4,F1 audit,TLMM GPIO10 and VSYNC CBCR,GPIO10=0x5 VSYNC_CBCR=0x1 bit-exact with TWRP,HIGH,no,
H43,Panel,DDIC active TE pulse emission present after cold reset,DISPROVEN,4,F1 preamble,GPIO10 sample,29912 samples constant LOW 0 transitions,HIGH,no,HW_PROVEN
H44,Panel,Continuous splash handoff maintains DDIC state,PROVEN,3,TWRP/LK audit,console-ramoops,LK keeps panel alive; cold reset in XNU clears volatile state,HIGH,no,
H45,Panel,Sony LK contains proprietary vendor DCS init commands,DISPROVEN,3,aboot.img audit,mdss_dsi_cmds_send call sites,commands 100% Device Tree driven,HIGH,no,
H46,Panel,In-cell touch controller unpowered/in reset suppresses DDIC timing and TE,PROVEN,4,F2 hardware A/B,aboot touch reset and keyaki.dts,touch power/reset brings DDIC timing out of suspend,HIGH,no,HW_PROVEN
H47,TE,In-cell touch power/reset causes RD_PTR bit12 to become latched in XNU,PROVEN,4,F2 telemetry,f2-panel-state-ab,PP0_RD_PTR latched status=0x00011000 vs 0 in F1; periodic TE at 60Hz NOT_PROVEN,HIGH,no,HW_PROVEN
H48,PP,Physical TE pulse arrival alone releases PP0 line counter,DISPROVEN,4,F2 telemetry,f2-panel-state-ab,PP_LINE=0 despite active RD_PTR and TE pulses,HIGH,no,HW_PROVEN
H49,DSI,DSI_CMD_MDP_CTRL value divergence (0x8 vs 0x06100006) is real static defect,PROVEN,4,F3 audit and HW readback,f3-dispatch-trace,0x06100006 verified with 100% HW match vs TWRP,HIGH,no,HW_PROVEN
H50,DSI,DSI_CMD_MDP_CTRL correction alone releases PP_LINE counter,DISPROVEN,4,F3 telemetry,f3-dispatch-trace,PP_LINE=0 across 8890 samples despite 0x06100006 match,HIGH,no,HW_PROVEN
H51,DSI,PP_LINE line advancement is gated by DSI Host command engine admission handshake,PROVEN,4,Sony source and F3 telemetry,mdss_dsi_host.c and f3-dispatch-trace,DSI_MDP_BUSY=0 stalls Ping-Pong line buffer release,HIGH,no,HW_PROVEN
H52,DSI,DCS Write Memory Start 0x2C submitted via explicit DMA packet before frame kickoff,DISPROVEN,4,Sony kernel audit,mdss_dsi_host.c:336-342,0x2C auto-inserted by hardware via 0x00994044 bit 16; no per-frame DMA packet,HIGH,no,SOURCE_PROVEN
H53,DSI,Normal command-mode frame commit uses DSI DMA SW trigger (0x0090),DISPROVEN,4,Sony DTS and driver audit,cmd_9_panel.dts & mdss_dsi_host.c,mdp-trigger=none; transmission gated entirely by PP release after CTL_START,HIGH,no,SOURCE_PROVEN
H54,DSI,DSI HS clock lane start required before normal MDP command mode commit,DISPROVEN,4,Sony kernel audit,cmd_9_panel.dts & mdss_dsi.c:1796,cmd_clk_ln_recovery_en is false; mdss_dsi_start_hs_clk_lane never called,HIGH,no,SOURCE_PROVEN
H55,TE,Fresh post-clear physical TE edge is reproducible within bounded window before kickoff,DISPROVEN,4,F4 hardware execution,f4-dispatch-trace,FRESH_TE_OBSERVATION_WINDOW_US=70005 with 19153 polls showed 0 RD_PTR and 0 backward jumps,HIGH,no,HW_PROVEN
H56,DSI,F4 conditional correction boot authorized without fresh TE proof in same boot,DISPROVEN,4,F4 governance gate,f4-dispatch-trace,Fresh TE gate failed (F4_TE_GATE=FAIL); stopped downstream per Section 22,HIGH,no,HW_PROVEN
H57,TE,Working TWRP generates periodic external TE pulses while idle without frame commit,DISPROVEN,4,F5 TWRP same-state hardware audit,f5-twrp-te-lifecycle,PP_INT_COUNT_VAL static at 0x0781; INTR_STATUS=0x1000 latched; clocks off; 0 backward jumps,HIGH,no,HW_PROVEN
H58,PP,PP tearcheck hardware requires frame commit (CTL_START) before counting read pointers,PROVEN,4,Sony kernel source & TWRP audit,mdss_mdp_intf_cmd.c:896,Qualcomm HW doc: HW relies on one commit before counting read ptrs; confirmed by TWRP idle telemetry,HIGH,no,SOURCE_PROVEN
H59,TE,Fresh physical TE pulse emission occurs after CTL_START kickoff in XNU,DISPROVEN,4,F5 Branch E2 hardware execution,f5-xnu,CTL_START=1 executed; WR_PTR latched 175ms; PP_COUNT monotonic 0x66a6-0x99ac with 0 backward jumps; 0 RD_PTR,HIGH,no,HW_PROVEN
H60,Panel,Panel DDIC timing generator remains inactive due to missing post-kickoff TE,PROVEN,4,F5 telemetry,f5-xnu,POST_KICK_TE_ABSENT_IN_XNU confirmed by Branch E2 telemetry; root cause narrowed to cold-init lifecycle,HIGH,no,Exact upstream cause is HIGH_CONFIDENCE narrowed; not yet HW_PROVEN
H61,Touch,Synaptics I2C/SPI Clearpad runtime driver required for panel TE,DISPROVEN,3,aboot.img binary disassembly,aboot.img:0xaa01f9c8 & 0xaa03f024,Sony LK contains zero I2C/SPI touch code yet displays splash screen with TE,HIGH,no,BINARY_PROVEN; Candidate B rejected
H62,Panel,Deferred touch reset after post-panel-on SLPOUT is valid physical state,DISPROVEN,4,F6 hardware execution,f6-correction,Toggling GPIO89 after panel awake with high-voltage bias tripped PMIC fault (F6-FAULT),HIGH,no,HW_PROVEN; deferred touch reset causes electrical fault
H63,Panel,Sony cold-boot DCS ordering (TEON->DISPON->SLPOUT) alone restores post-kick external TE,DISPROVEN,4,F7 hardware execution,f7-dcs-order-ab,Pure Sony DCS order executed cleanly; power precheck passed; CTL_START executed; 0 RD_PTR across 254ms; PP_LINE stayed 0,HIGH,no,HW_PROVEN; DCS ordering is a real binary divergence but NOT sufficient to restore TE
H64,Panel,Pure Sony DCS order A/B restores post-kick external TE and PP frame start,DISPROVEN,4,F7 hardware execution,f7-dcs-order-ab,F7-D outcome: DCS sequence TEON->DISPON->SLPOUT executed with ACK=0; post-kick window 254ms showed WR_PTR latched but NO fresh RD_PTR and NO counter reload; PP_LINE=0,HIGH,no,HW_PROVEN
H65,TE,Panel DDIC physically toggles TE on GPIO10 pad while PP0 fails to receive it,DISPROVEN,4,F8/F9 physical pad hardware observation,f8-te-localization & f9-twrp-te-calibration,GPIO10 sampled directly across 14205 dense iterations (254.5ms); transitions=0; min=0; max=0; all samples LOW; validated by F9 TWRP calibration (825us pulses detectable),HIGH,no,HW_PROVEN; SoC route is NOT the active blocker
H66,Panel,DDIC fails to emit physical TE pulses at hardware pad upstream of SoC consumer,PROVEN,4,F8/F9 physical pad hardware observation,f8-te-localization & f9-twrp-te-calibration,Pad held flat at 0V continuously post-kick; F8_CLASS=F8-P2 PAD_INACTIVE_UPSTREAM_BLOCKED; TE absence upstream confirmed by calibrated observable,HIGH,no,HW_PROVEN
H67,TE,Direct GPIO10 passive pad level observation in TLMM function 1 (mdp_vsync) is valid,PROVEN,4,Qualcomm MSM8996 TLMM architectural design & HW readback,msm8996_tlmm & f8-te-localization,TLMM_GPIO_IN_OUT(10) bit 0 directly samples pad input buffer while function 1 is active without pinmux distortion,HIGH,no,SOURCE_PROVEN
H68,Panel,Authentic Sony LK electrical power-rail and reset lifecycle diverges from XNU F7 baseline,DISPROVEN,4,Sony LK binary disassembly & DTS audit,aboot.img:0xaa03ed4c & keyaki.dts,Rail order (VDDIO->LAB->IBB) panel reset (10ms/10ms) and touch reset (2ms/5ms/40ms) match XNU bit-exactly; static power sequence is NOT divergent,HIGH,no,BINARY_PROVEN
H69,TE,Software polling of TLMM_GPIO_IN_OUT(10) is valid for physical TE pulse detection,PROVEN,4,F9 Phase A TWRP hardware calibration,f9-twrp-te-calibration,TWRP active frame commits yielded 1238 HIGH samples and 18 transitions across 1.5s (~825us pulse width at 60.2Hz); sampling at 6-18us is 100% valid,HIGH,no,TRACE_PROVEN
H70,LK,Sony LK first visible frame operates with external TE enabled,PROVEN,3,F9 Phase B authentic aboot.img disassembly,aboot.img:0xaa01e200 & 0xaa01cb28,msm_display_config sets PP0 tearcheck TEAR_CHECK_EN=1 and PP_AUTOREFRESH=0x80000001 with external TE selected; no internal timing fallback,HIGH,no,BINARY_PROVEN
H71,LK,Sony LK first visible frame uses an explicit DCS 0x2C memory write transaction,DISPROVEN,3,F9 Phase B authentic aboot.img disassembly,aboot.img:0xaa01ece8,msm_display_on contains zero DCS 0x2C calls; frame data travels purely via MDP stream0 hardware insertion,HIGH,no,BINARY_PROVEN
H72,Bootstrap,Exact Sony LK first-frame bootstrap sequence alone restores panel TE and frame advancement in XNU,DISPROVEN,4,F9 Phase D hardware execution,f9-bootstrap-correction,Enabling PP_AUTOREFRESH (0x80000001) and SLPOUT-before-DISPON order executed cleanly with flush consumed and WR_PTR asserted; but GPIO10 TE=0 and RD_PTR=0; panel scan remains quiescent,HIGH,no,[NOT_TARGET_PANEL - Panel 0 Default/JDI] Valid transport/controller findings preserved
H73,Panel,XNU F9 executed CTL_START before DISPON during cold boot,DISPROVEN,3,F10 audit,scripts/display/f10_audit_order.py & artifacts/hw/d8m8/f9-bootstrap-correction/,F9 runtime logs prove DISPON was sent in panel_prepare (display m8-status) minutes before CTL_START in kickoff (display m8-kickoff); F9_CTL_START_BEFORE_DISPON=NO,HIGH,no,[NOT_TARGET_PANEL - Panel 0 Default/JDI] Valid controller telemetry preserved
H74,Bootstrap,Exact Sony LK first-frame bootstrap sequence (13 authentic on-cmds + PP_AUTOREFRESH + CTL_START before DISPON) is causal to DDIC external TE and frame scanout on cold boot,DISPROVEN,4,F10 hardware execution on BH905SX976,artifacts/hw/d8m8/f10-exact-bootstrap/final-evidence.txt,Byte-for-byte authentic LK bootstrap executed with ORDER_VERIFIED=YES (CTL_START at 835582201us then DISPON at 835582341us); GPIO10_TRANSITIONS=0, FRESH_RD_PTR=NO, PP_LINE=0, PP_OUT=0 across 180ms window; proven non-causal on cold boot,HIGH,no,[NOT_TARGET_PANEL - Panel 0 Default/JDI] Transport/controller proven valid but command table was not Panel 9
H75,DSI,Pre-panel LP-11 establishment before panel reset release (qcom mdss-dsi-lp11-init) restores DDIC physical TE,DISPROVEN,4,F11 hardware execution on BH905SX976,artifacts/hw/d8m8/f11-correction/final-evidence.txt,Active LP-11 driven prior to GPIO8/GPIO89 reset pulses + DCS 0x39 SLPOUT/DISPON encoding executed cleanly on cold boot; GPIO10_TRANSITIONS=0; FRESH_RD_PTR=NO; PP_LINE=0,HIGH,no,[NOT_TARGET_PANEL - Panel 0 Default/JDI] LP-11/reset alignment valid but command table was not Panel 9
H76,PMIC,Full Sony LK PMIC LAB/IBB current limit and soft-start configuration restores DDIC physical TE,DISPROVEN,4,F11 hardware execution on BH905SX976,artifacts/hw/d8m8/f11-correction/final-evidence.txt,LAB/IBB 200mA/800mA limits and 300us/800us precharge/soft-start configured; LAB/IBB nominal +/-5.6V; GPIO10 TE remains absent,HIGH,no,[NOT_TARGET_PANEL - Panel 0 Default/JDI] Power rail alignment valid but command table was not Panel 9
H77,Bootloader,Residual DDIC or analog state from fastboot handoff causes DDIC external TE silence,DISPROVEN,4,F12 hardware execution on BH905SX976,artifacts/hw/d8m8/f12-true-cold/final-evidence.txt,Full True-Cold POR power cycle (IBB/LAB/VDDIO powered off with 300ms discharge dwell) executed before canonical cold bring-up; GPIO10_TRANSITIONS=0; FRESH_RD_PTR=NO; PP_LINE=0; residual state proven non-causal,HIGH,no,[NOT_TARGET_PANEL - Panel 0 Default/JDI] True cold POR methodology valid
H78,Bootloader,Fastboot bootloader display shutdown leaves panel analog power rails active on kernel entry,PROVEN,4,F12 Sony LK disassembly & hardware entry snapshot,aboot.img:0xaa006c98 & artifacts/hw/d8m8/f12-true-cold/final-evidence.txt,LK target_display_shutdown calls msm_display_off (DSI 0x28/0x10 and DSI/PHY off) but omits panel power rail shutdown; rails and resets stay in fastboot handoff state,HIGH,no,SOURCE_PROVEN
H79,Panel,Keyaki target hardware uses Panel ID 9 (Sharp command-mode) with 2-command on-sequence rather than Panel ID 0 (13 commands),PROVEN,3,keyaki.dts audit and Sony LK panel table,keyaki.dts:1771 & aboot.img:0xaa062e24,Sony LK panel detection selects panel 9 based on hardware ID; panel 9 on-cmds consists strictly of TEON (0x35) with DISPON (0x29) and SLPOUT (0x11) at frame kickoff,HIGH,no,SOURCE_PROVEN
H80,Panel,Authentic Panel ID 9 on-commands sequence alone restores external TE and frame scanout on cold boot,DISPROVEN,4,F13 hardware execution on BH905SX976,artifacts/hw/d8m8/f13-panel-identity/final-evidence.txt,Authentic panel 9 command sequence executed (TEON then DISPON then SLPOUT at kickoff); FRESH_RD_PTR=YES observed; but external GPIO10 pad transitions=0 and PP_LINE=0; DDIC external TE remains quiet,HIGH,no,HW_PROVEN; F13 FRESH_RD_PTR proven to be latched bit12 status artifact in F14
H81,Bootloader,Fastboot bootloader display shutdown places Panel 9 DDIC into Sleep In (0x10) mode before XNU entry,PROVEN,4,Sony LK aboot.img disassembly & DTS audit,aboot.img:0xaa01f170 & keyaki.dts:1773,Fastboot executes msm_display_off sending DISPOFF (0x28) and SLPIN (0x10) with 120ms delay before booting kernel,HIGH,no,SOURCE_PROVEN / HW_READBACK_PROVEN
H82,Panel,Panel 9 minimal on-commands (TEON + DISPON) without post-panel-on SLPOUT leaves DDIC asleep,PROVEN,4,Panel 9 DTS audit & F14 telemetry,scratch/cmd_9_panel.dts & f14-panel9-wake,MIPI DCS specifies internal oscillator halts in Sleep In; DISPON cannot oscillate without SLPOUT (0x11 120ms),HIGH,no,SOURCE_PROVEN / HW_PROVEN
H83,Panel,Authentic Panel 9 early sleep-wake lifecycle (TEON + DISPON + SLPOUT 120ms before kickoff) restores physical TE on GPIO10,DISPROVEN,4,F14 hardware execution on BH905SX976,artifacts/hw/d8m8/f14-panel9-wake/final-evidence.txt,Early SLPOUT before kickoff variant tested with 120ms dwell; GPIO10 sampled for 100ms in prep and 254ms in kickoff; GPIO10_TRANSITIONS=0; physical TE remains completely absent,HIGH,no,HW_PROVEN; Panel 9 early SLPOUT variant alone is NOT SUFFICIENT
H84,PP,F13 FRESH_RD_PTR was a latched bit 12 readback artifact rather than fresh distinct TE events,PROVEN,4,F14 distinct RD_PTR tracking execution on BH905SX976,artifacts/hw/d8m8/f14-panel9-wake/final-evidence.txt,Verified 0 pre-kick clear (POST_CLEAR_PASS=YES) followed by W1C clear/reassert tracking yielded RD_PTR_ASSERTED_SAMPLE_COUNT=0 and RD_PTR_DISTINCT_EVENT_COUNT=0; latched status artifact fully reconciled,HIGH,no,HW_PROVEN
H85,Panel,Exact Sony LK post-on SLPOUT sequence (TEON->DISPON->CTL_START->SLPOUT DMA 120ms with DSI_TRIG_CTRL preserved) restores physical TE on GPIO10,DISPROVEN,4,F15 hardware execution on BH905SX976,artifacts/hw/d8m8/f15-exact-panel9-order/final-evidence.txt,Byte-for-byte Sony LK ordering executed with ORDER_VERIFIED=YES; DSI_TRIG_CTRL preserved at 0x80000004 across all stages; GPIO10_TRANSITIONS=0 across 334.8ms; PP_LINE=0,HIGH,no,HW_PROVEN; Exact Sony kickoff/post-on ordering is NOT SUFFICIENT
H86,DSI,Post-kick DSI DMA commands can transmit without clobbering DSI_TRIG_CTRL (0x80000004),PROVEN,4,F15 hardware execution & driver fix,artifacts/hw/d8m8/f15-exact-panel9-order/final-evidence.txt,DSI_TRIG_CTRL preserved as 0x80000004 pre-kick post-CTL_START pre-SLPOUT post-SLPOUT and final; POST_SLPOUT_TRIG_CTRL_MATCH=YES; F13 trigger defect resolved,HIGH,no,HW_PROVEN
H87,Panel,Panel 9 DDIC requires vendor FPS/PCC revision registers or Synaptics touch interlock to wake DDIC scanout,STILL_OPEN,2,F15 hardware execution & DTS audit,f15-exact-panel9-order & keyaki.dts,Exact Sony LK kickoff/post-on lifecycle verified insufficient on hardware; next causal frontier is vendor FPS/PCC revision init or In-Cell touch interlock,HIGH,yes,ACTIVE_PRIMARY_HYPOTHESIS


